stat,name,lcI,lcV,type_1,period[d],<I>_1,<V>_1,ra_1,dec_1,ra_1a,dec_1a,amp,period_best,Ai_templ,<I>_templ,<V>_templ,rms,red_chi2,scatter,<I>_F,err_I,nI,p1,p2,p3,p4,p5,a1_F,f1_i,f12_i,r12_i
N,lc_00682.788_01552.805_t,SWEEPS_F1/B.4/newlctot/Isf/lc_00682.788_01552.805_t,SWEEPS_F1/B.4/newlctot/Vsf/lc_00682.231_01553.661_t,ceph,3.672636,18.47,20.31,269.610083,-29.309222,17:58:26.42,-29:18:33.2,0.146,3.67247,0.117,18.458,20.341,280.63,0.34,0.02,18.458,1450.046,824,3.6727,14.6902,7.34503,11.01715,4.10757,0.049,-1.474,2.283,0.044
N,lc_01012.243_01789.592_t,SWEEPS_F1/A.2/newlctot/Isf/lc_01012.243_01789.592_t,SWEEPS_F1/A.2/newlctot/Vsf/lc_01012.169_01789.755_t,ceph,2.920107,18.37,19.82,269.815625,-29.179639,17:59:15.75,-29:10:46.7,0.147,2.918,0.11,18.367,19.827,294.256,0.36,0.02,18.365,1524.675,815,8.75727,2.91876,5.83872,11.67678,3.03014,0.047,-1.814,1.499,0.061
N,lc_01329.274_00397.217_t,SWEEPS_F3/B.1/newlctot/Isf/lc_01329.274_00397.217_t,SWEEPS_F3/B.1/newlctot/Vsf/lc_00000.000_00000.000_t,ceph,15.191055,19.38,99.0,269.881167,-29.40825,17:59:31.48,-29:24:29.7,0.23,15.20439,0.202,19.374,99.0,337.907,0.422,0.02,19.374,1096.037,806,30.40418,15.19328,45.60212,1.87163,2.80761,0.073,-1.794,2.788,0.263
N,lc_00429.334_00617.949_t,SWEEPS_F1/A.2/newlctot/Isf/lc_00429.334_00617.949_t,SWEEPS_F1/A.2/newlctot/Vsf/lc_00429.203_00617.683_t,ceph,14.118759,18.78,20.42,269.73875,-29.146194,17:58:57.30,-29:08:46.3,0.211,14.12745,0.147,18.778,20.453,405.26,0.537,0.02,18.777,1773.881,753,28.27036,14.13493,56.59565,42.46146,1.07308,0.056,-1.029,4.057,0.245
N,lc_00497.473_01185.189_t,SWEEPS_F2/A.2/newlctot/Isf/lc_00497.473_01185.189_t,SWEEPS_F2/A.2/newlctot/Vsf/lc_00000.000_00000.000_t,ceph,5.530433,19.49,99.0,269.902333,-29.122056,17:59:36.56,-29:07:19.4,0.243,5.52763,0.121,19.481,99.0,416.948,0.586,0.02,19.484,1328.216,717,22.10558,5.52738,11.05621,16.58411,4.86781,0.045,-2.563,2.956,0.27
N,lc_00593.341_01208.781_t,SWEEPS_F1/A.3/newlctot/Isf/lc_00593.341_01208.781_t,SWEEPS_F1/A.3/newlctot/Vsf/lc_00594.043_01207.713_t,ceph,11.521419,18.77,20.52,269.585625,-29.154833,17:58:20.55,-29:09:17.4,0.203,11.53175,0.083,18.777,20.55,422.69,0.517,0.02,18.777,1852.024,815,11.54292,23.07735,1.09171,2.1835,46.13643,0.026,-1.234,3.941,0.209
N,lc_01217.159_01600.715_t,SWEEPS_F2/B.1/newlctot/Isf/lc_01217.159_01600.715_t,SWEEPS_F2/B.1/newlctot/Vsf/lc_01216.891_01601.115_t,ceph,5.085582,15.51,17.3,269.934042,-29.311917,17:59:44.17,-29:18:42.9,0.162,5.07733,0.133,15.503,17.301,430.224,1.095,0.02,15.495,13855.048,394,5.08503,10.16708,15.24873,1.24081,3.33487,0.055,-0.711,-1.463,0.228
N,lc_01769.325_01164.572_t,SWEEPS_F3/B.4/newlctot/Isf/lc_01769.325_01164.572_t,SWEEPS_F3/B.4/newlctot/Vsf/lc_01769.213_01165.618_t,ceph,2.380466,18.33,20.61,269.7315,-29.432972,17:58:55.56,-29:25:58.7,0.182,2.38065,0.153,18.321,20.446,439.599,0.541,0.02,18.321,1437.757,813,2.38034,4.76079,9.5218,7.1412,1.40568,0.071,-2.21,1.445,0.125
N,lc_00956.788_01370.282_t,SWEEPS_F3/B.1/newlctot/Isf/lc_00956.788_01370.282_t,SWEEPS_F3/B.1/newlctot/Vsf/lc_00957.031_01371.069_t,ceph,9.600796,19.09,21.21,269.944833,-29.386917,17:59:46.76,-29:23:12.9,0.255,9.5792,0.197,19.106,21.309,449.333,0.558,0.02,19.105,2012.258,806,28.7484,9.58221,38.33034,19.16737,1.80655,0.077,-1.493,4.763,0.072
N,lc_00787.553_00862.018_t,SWEEPS_F2/B.4/newlctot/Isf/lc_00787.553_00862.018_t,SWEEPS_F2/B.4/newlctot/Vsf/lc_00000.000_00000.000_t,ceph,1.006803,18.8,99.0,269.727583,-29.287056,17:58:54.62,-29:17:13.4,0.245,1.0067,0.153,18.814,99.0,535.223,0.714,0.02,18.812,1372.542,756,103.81877,1.00679,2.01359,3.02029,4.02704,0.049,-1.854,4.94,0.158
N,lc_00156.220_01428.556_t,SWEEPS_F1/B.4/newlctot/Isf/lc_00156.220_01428.556_t,SWEEPS_F1/B.4/newlctot/Vsf/lc_00155.554_01429.036_t,ceph,10.257254,18.73,20.98,269.602,-29.279194,17:58:24.48,-29:16:45.1,0.205,10.26731,0.147,18.726,20.937,540.703,0.655,0.02,18.726,2860.971,824,10.27786,20.54666,41.06953,30.79711,1.81811,0.056,-1.369,1.295,0.168
N,lc_01169.367_00027.901_t,SWEEPS_F2/B.1/newlctot/Isf/lc_01169.367_00027.901_t,SWEEPS_F2/B.1/newlctot/Vsf/lc_01168.904_00027.366_t,ceph,5.941106,18.79,20.54,269.830833,-29.309444,17:59:19.40,-29:18:34.0,0.218,5.92846,0.147,18.797,20.571,575.187,0.7,0.02,18.793,3784.691,823,5.92934,11.858,17.78326,2.39824,3.41479,0.05,-3.063,8.831,0.332
N,lc_00396.223_00929.793_t,SWEEPS_F2/A.3/newlctot/Isf/lc_00396.223_00929.793_t,SWEEPS_F2/A.3/newlctot/Vsf/lc_00000.000_00000.000_t,ceph,3.281282,18.9,99.0,269.692833,-29.115333,17:58:46.28,-29:06:55.2,0.222,3.2797,0.153,18.913,99.0,605.366,0.756,0.02,18.917,1546.186,807,3.28118,6.56207,9.84243,13.12362,1.52962,0.07,-2.902,5.301,0.099
N,lc_01470.090_01141.344_t,SWEEPS_F3/B.4/newlctot/Isf/lc_01470.090_01141.344_t,SWEEPS_F3/B.4/newlctot/Vsf/lc_01470.337_01142.910_t,ceph,2.500223,19.11,21.29,269.729958,-29.415917,17:58:55.19,-29:24:57.3,0.219,2.4991,0.152,19.108,21.293,605.711,0.746,0.02,19.109,1747.875,813,4.9966,2.49856,9.99473,1.6667,2.13845,0.057,-1.277,4.727,0.099
N,lc_01138.919_01209.312_t,SWEEPS_F1/A.3/newlctot/Isf/lc_01138.919_01209.312_t,SWEEPS_F1/A.3/newlctot/Vsf/lc_00000.000_00000.000_t,ceph,4.898386,19.13,99.0,269.585625,-29.185917,17:58:20.55,-29:11:09.3,0.241,4.8888,0.158,19.12,99.0,618.434,0.765,0.02,19.115,2545.493,814,14.67038,4.89042,19.56062,9.78019,5.01177,0.062,-2.448,6.441,0.077
N,lc_01031.698_01162.289_t,SWEEPS_F3/A.2/newlctot/Isf/lc_01031.698_01162.289_t,SWEEPS_F3/A.2/newlctot/Vsf/lc_00000.000_00000.000_t,ceph,2.12785,19.2,99.0,269.926708,-29.242639,17:59:42.41,-29:14:33.5,0.219,2.12625,0.104,19.196,99.0,622.832,0.767,0.02,19.197,2956.81,818,2.12634,4.2522,2.00222,6.37867,1.8778,0.037,-2.132,1.731,0.246
N,lc_00216.078_01728.386_t,SWEEPS_F1/B.1/newlctot/Isf/lc_00216.078_01728.386_t,SWEEPS_F1/B.1/newlctot/Vsf/lc_00000.000_00000.000_t,ceph,3.085107,19.07,99.0,269.81975,-29.282889,17:59:16.74,-29:16:58.4,0.256,3.08023,0.228,19.066,99.0,634.665,0.777,0.02,19.071,3091.256,823,3.08013,12.32303,6.16091,9.24161,2.94963,0.058,-1.781,0.984,0.085
N,lc_00533.529_00603.670_t,SWEEPS_F1/B.4/newlctot/Isf/lc_00533.529_00603.670_t,SWEEPS_F1/B.4/newlctot/Vsf/lc_00532.916_00604.079_t,ceph,3.085107,18.9,21.23,269.548042,-29.300639,17:58:11.53,-29:18:02.3,0.274,3.08601,0.229,18.913,21.293,639.403,0.774,0.02,18.916,2232.279,824,6.17168,3.08593,12.34261,9.25734,1.50743,0.099,-1.843,3.346,0.097
N,lc_01867.616_00408.919_t,SWEEPS_F2/A.3/newlctot/Isf/lc_01867.616_00408.919_t,SWEEPS_F2/A.3/newlctot/Vsf/lc_00000.000_00000.000_t,ceph,1.079235,19.35,99.0,269.658542,-29.1995,17:58:38.05,-29:11:58.2,0.227,13.14471,0.112,19.356,99.0,648.839,0.81,0.02,19.353,2207.236,807,54.31155,27.14396,39.4255,1.99309,13.15282,0.038,-1.117,2.6,0.319
N,lc_00441.683_02009.085_t,SWEEPS_F3/B.1/newlctot/Isf/lc_00441.683_02009.085_t,SWEEPS_F3/B.1/newlctot/Vsf/lc_00000.000_00000.000_t,ceph,7.792867,19.17,99.0,269.986625,-29.357472,17:59:56.79,-29:21:26.9,0.28,7.81263,0.183,19.175,99.0,660.588,0.929,0.02,19.177,2234.901,717,31.2206,23.41381,15.6108,7.80418,2.28698,0.074,-2.518,2.682,0.063
N,lc_00124.744_01880.289_t,SWEEPS_F3/A.3/newlctot/Isf/lc_00124.744_01880.289_t,SWEEPS_F3/A.3/newlctot/Vsf/lc_00000.000_00000.000_t,ceph,1.585336,18.56,99.0,269.776167,-29.189556,17:59:06.28,-29:11:22.4,0.241,1.58542,0.138,18.565,99.0,660.599,0.819,0.02,18.565,4559.002,813,1.58548,3.17087,4.75587,8.06556,5.37676,0.053,-1.903,2.644,0.298
N,lc_01296.570_02125.913_t,SWEEPS_F3/A.2/newlctot/Isf/lc_01296.570_02125.913_t,SWEEPS_F3/A.2/newlctot/Vsf/lc_01296.884_02125.825_t,ceph,13.187863,18.6,20.79,269.990042,-29.257889,17:59:57.61,-29:15:28.4,0.281,13.15762,0.221,18.612,20.683,660.797,0.83,0.02,18.612,3678.039,797,26.3366,13.17061,39.48839,1.85405,2.78107,0.08,2.872,-8.408,0.187
N,lc_01013.599_01390.024_t,SWEEPS_F2/A.3/newlctot/Isf/lc_01013.599_01390.024_t,SWEEPS_F2/A.3/newlctot/Vsf/lc_01014.383_01389.692_t,ceph,4.898386,18.97,20.8,269.722875,-29.150583,17:58:53.49,-29:09:02.1,0.228,4.89765,0.173,18.98,20.712,668.869,0.845,0.02,18.984,1263.087,793,4.90052,9.80127,14.69644,2.50468,1.25227,0.072,-2.928,4.731,0.285
N,lc_00209.779_00361.525_t,SWEEPS_F1/B.4/newlctot/Isf/lc_00209.779_00361.525_t,SWEEPS_F1/B.4/newlctot/Vsf/lc_00000.000_00000.000_t,ceph,1.12055,19.01,99.0,269.53225,-29.282167,17:58:07.74,-29:16:55.8,0.211,1.12051,0.089,18.998,99.0,713.565,0.872,0.02,18.997,3529.501,824,1.12037,2.24084,1.0552,2.99292,1.99552,0.031,-1.435,2.129,0.41
N,lc_01388.193_01199.193_t,SWEEPS_F3/A.2/newlctot/Isf/lc_01388.193_01199.193_t,SWEEPS_F3/A.2/newlctot/Vsf/lc_01389.134_01198.493_t,ceph,1.003436,18.45,20.02,269.929167,-29.263083,17:59:43.00,-29:15:47.1,0.219,1.00287,0.12,18.445,20.141,717.617,0.986,0.02,18.448,5430.201,729,1.00308,3.00903,4.01197,1.00113,2.00213,0.032,-0.228,1.331,0.088
N,lc_00800.234_02139.566_t,SWEEPS_F1/B.4/newlctot/Isf/lc_00800.234_02139.566_t,SWEEPS_F1/B.4/newlctot/Vsf/lc_00799.449_02139.851_t,ceph,4.124074,19.12,21.14,269.648458,-29.315944,17:58:35.63,-29:18:57.4,0.269,4.12249,0.148,19.111,21.139,749.96,0.908,0.02,19.113,2782.442,824,1.31613,8.24721,4.1219,1.00234,1.99851,0.038,-2.674,3.703,0.196
N,lc_01382.510_01178.117_t,SWEEPS_F2/A.2/newlctot/Isf/lc_01382.510_01178.117_t,SWEEPS_F2/A.2/newlctot/Vsf/lc_01382.084_01178.547_t,ceph,3.109084,18.51,20.42,269.902,-29.172778,17:59:36.48,-29:10:22.0,0.203,3.1069,0.145,18.503,20.441,751.958,0.928,0.02,18.502,2821.905,811,3.10717,6.21636,9.32426,1.51005,3.02025,0.057,-1.426,0.451,0.235
N,lc_00128.697_01357.741_t,SWEEPS_F1/B.4/newlctot/Isf/lc_00128.697_01357.741_t,SWEEPS_F1/B.4/newlctot/Vsf/lc_00127.990_01357.989_t,ceph,7.148071,18.54,20.47,269.597333,-29.277639,17:58:23.36,-29:16:39.5,0.277,7.1481,0.248,18.544,20.508,756.72,0.916,0.02,18.545,2221.677,824,28.60048,21.44791,7.1488,14.29923,2.62555,0.103,-1.673,2.409,0.031
N,lc_01359.313_00850.940_t,SWEEPS_F1/A.3/newlctot/Isf/lc_01359.313_00850.940_t,SWEEPS_F1/A.3/newlctot/Vsf/lc_00000.000_00000.000_t,ceph,15.385809,18.66,99.0,269.562208,-29.198472,17:58:14.93,-29:11:54.5,0.26,15.37041,0.224,18.657,99.0,775.854,1.128,0.02,18.659,2860.063,694,46.11353,30.72598,15.37918,61.44087,1.06646,0.087,-1.098,-0.188,0.132
N,lc_01872.898_01046.926_t,SWEEPS_F1/A.3/newlctot/Isf/lc_01872.898_01046.926_t,SWEEPS_F1/A.3/newlctot/Vsf/lc_01874.446_01046.177_t,ceph,1.020501,16.57,19.14,269.575,-29.22775,17:58:18.00,-29:13:39.9,0.243,43.99373,0.175,16.562,19.087,784.313,2.197,0.02,16.567,33309.804,355,87.69668,43.98789,1.02022,1.95049,2.0412,0.063,-2.137,6.368,0.184
N,lc_00699.635_00648.293_t,SWEEPS_F1/B.1/newlctot/Isf/lc_00699.635_00648.293_t,SWEEPS_F1/B.1/newlctot/Vsf/lc_00699.715_00647.771_t,ceph,14.118759,18.6,20.2,269.749167,-29.310583,17:58:59.80,-29:18:38.1,0.309,14.03868,0.209,18.602,20.208,835.729,1.469,0.02,18.6,3139.199,567,56.17442,28.1094,42.15181,14.05371,2.79375,0.073,-0.391,-1.218,0.266
N,lc_01323.167_01756.244_t,SWEEPS_F3/A.2/newlctot/Isf/lc_01323.167_01756.244_t,SWEEPS_F3/A.2/newlctot/Vsf/lc_00000.000_00000.000_t,ceph,3.371085,18.85,99.0,269.96575,-29.259389,17:59:51.78,-29:15:33.8,0.259,3.36933,0.184,18.857,99.0,837.744,1.032,0.02,18.853,3515.606,818,3.36824,6.73635,10.10469,1.53903,2.30847,0.071,-1.497,0.763,0.137
N,lc_01181.766_01612.208_t,SWEEPS_F2/B.1/newlctot/Isf/lc_01181.766_01612.208_t,SWEEPS_F2/B.1/newlctot/Vsf/lc_00000.000_00000.000_t,ceph,3.670049,18.91,99.0,269.934792,-29.309889,17:59:44.35,-29:18:35.6,0.231,3.66873,0.191,18.906,99.0,840.179,1.035,0.02,18.906,1897.954,818,14.67264,3.66806,11.00502,7.33585,2.35244,0.044,-0.222,1.099,0.099
N,lc_00065.621_01210.339_t,SWEEPS_F2/B.1/newlctot/Isf/lc_00065.621_01210.339_t,SWEEPS_F2/B.1/newlctot/Vsf/lc_00065.532_01210.362_t,ceph,17.392622,17.75,19.53,269.908417,-29.246167,17:59:38.02,-29:14:46.2,0.214,17.46212,0.123,17.753,19.511,870.939,1.216,0.02,17.751,9967.127,717,52.29918,69.71169,34.92578,17.45457,1.88681,0.051,-1.288,4.453,0.06
N,lc_01968.676_01400.045_t,SWEEPS_F3/A.2/newlctot/Isf/lc_01968.676_01400.045_t,SWEEPS_F3/A.2/newlctot/Vsf/lc_00000.000_00000.000_t,ceph,15.385809,19.19,99.0,269.942458,-29.296389,17:59:46.19,-29:17:47.0,0.203,46.28779,0.049,19.194,99.0,871.063,1.073,0.02,19.196,1776.231,818,30.80031,46.22238,15.41293,61.58228,1.06639,0.043,-1.2,4.919,0.15
N,lc_01694.650_01602.743_t,SWEEPS_F3/B.1/newlctot/Isf/lc_01694.650_01602.743_t,SWEEPS_F3/B.1/newlctot/Vsf/lc_01694.858_01603.311_t,ceph,1.592524,19.28,21.62,269.960083,-29.428944,17:59:50.42,-29:25:44.2,0.375,1.59245,0.315,19.28,21.505,875.165,1.089,0.02,19.277,2496.55,806,1.59253,3.18517,6.3694,4.77701,5.3378,0.097,-2.049,2.69,0.421
N,lc_00349.145_01487.334_t,SWEEPS_F1/B.4/newlctot/Isf/lc_00349.145_01487.334_t,SWEEPS_F1/B.4/newlctot/Vsf/lc_00348.432_01488.031_t,ceph,1.685545,18.37,20.27,269.605833,-29.290194,17:58:25.40,-29:17:24.7,0.203,1.68502,0.176,18.375,20.27,877.492,1.069,0.02,18.378,5169.912,819,6.74094,1.68518,5.05566,3.37041,1.87965,0.068,-2.247,4.611,0.083
N,lc_00916.307_02236.457_t,SWEEPS_F3/A.2/newlctot/Isf/lc_00916.307_02236.457_t,SWEEPS_F3/A.2/newlctot/Vsf/lc_00000.000_00000.000_t,ceph,5.217845,19.13,99.0,269.99725,-29.236083,17:59:59.34,-29:14:09.9,0.316,5.21482,0.227,19.157,99.0,880.519,1.261,0.02,19.162,2617.973,704,10.43453,5.21632,15.64771,20.8662,2.51191,0.098,-1.899,5.022,0.117
N,lc_01280.760_01460.555_t,SWEEPS_F2/B.4/newlctot/Isf/lc_01280.760_01460.555_t,SWEEPS_F2/B.4/newlctot/Vsf/lc_01278.980_01461.145_t,ceph,4.316925,18.98,19.81,269.766875,-29.315333,17:59:04.05,-29:18:55.2,0.255,4.32188,0.155,18.993,19.83,882.931,1.085,0.02,18.993,2502.384,815,8.64031,4.31553,12.95539,5.18719,17.27697,0.038,-1.24,3.619,0.219
N,lc_01616.883_00146.660_t,SWEEPS_F1/A.3/newlctot/Isf/lc_01616.883_00146.660_t,SWEEPS_F1/A.3/newlctot/Vsf/lc_00000.000_00000.000_t,ceph,6.283262,18.57,99.0,269.516208,-29.213139,17:58:03.89,-29:12:47.3,0.22,6.29658,0.114,18.57,99.0,884.672,1.094,0.02,18.566,7402.075,815,12.58719,1.18536,6.29661,2.37101,25.16662,0.039,-1.655,1.261,0.218
N,lc_00026.962_00744.050_t,SWEEPS_F2/A.2/newlctot/Isf/lc_00026.962_00744.050_t,SWEEPS_F2/A.2/newlctot/Vsf/lc_00000.000_00000.000_t,ceph,6.857728,19.0,99.0,269.873333,-29.095028,17:59:29.60,-29:05:42.1,0.247,6.86301,0.161,19.002,99.0,890.118,1.14,0.02,19.0,4434.724,787,27.45925,13.72937,6.86462,20.59165,4.66771,0.066,-1.263,3.518,0.17
N,lc_01000.644_01737.325_t,SWEEPS_F2/A.3/newlctot/Isf/lc_01000.644_01737.325_t,SWEEPS_F2/A.3/newlctot/Vsf/lc_01001.175_01737.641_t,ceph,3.11716,18.7,20.54,269.745625,-29.149806,17:58:58.95,-29:08:59.3,0.223,3.12052,0.145,18.702,20.588,898.669,1.115,0.02,18.704,5333.225,807,6.2422,9.36247,3.12105,4.39741,2.9317,0.055,-0.845,-1.308,0.089
N,lc_00383.035_02069.789_t,SWEEPS_F2/B.1/newlctot/Isf/lc_00383.035_02069.789_t,SWEEPS_F2/B.1/newlctot/Vsf/lc_00382.661_02070.345_t,ceph,14.815972,18.08,20.43,269.964792,-29.264139,17:59:51.55,-29:15:50.9,0.201,14.82625,0.159,18.093,20.463,899.255,1.094,0.02,18.094,6334.829,823,29.63859,59.33772,14.82385,44.50485,1.06926,0.064,-1.452,4.873,0.061
N,lc_01438.849_01963.659_t,SWEEPS_F3/B.1/newlctot/Isf/lc_01438.849_01963.659_t,SWEEPS_F3/B.1/newlctot/Vsf/lc_01438.800_01964.774_t,ceph,2.802343,18.17,20.22,269.983708,-29.414306,17:59:56.09,-29:24:51.5,0.197,2.80308,0.146,18.179,20.22,900.227,1.118,0.02,18.18,6093.321,806,2.80206,8.40727,5.60431,3.09679,1.54828,0.066,-1.168,4.686,0.061
N,lc_00555.964_01475.612_t,SWEEPS_F3/A.2/newlctot/Isf/lc_00555.964_01475.612_t,SWEEPS_F3/A.2/newlctot/Vsf/lc_00000.000_00000.000_t,ceph,1.01618,18.84,99.0,269.947208,-29.215389,17:59:47.33,-29:12:55.4,0.222,0.99732,0.151,18.811,99.0,901.823,1.115,0.02,18.839,3368.793,815,1.00777,2.0156,1.00244,1.016,2.03199,0.031,-2.649,5.396,0.597
N,lc_01170.606_00662.944_t,SWEEPS_F1/B.4/newlctot/Isf/lc_01170.606_00662.944_t,SWEEPS_F1/B.4/newlctot/Vsf/lc_00000.000_00000.000_t,ceph,3.704031,19.32,99.0,269.551875,-29.336944,17:58:12.45,-29:20:13.0,0.281,3.70127,0.133,19.333,99.0,905.659,1.157,0.02,19.331,3082.903,789,7.40646,11.10717,3.70185,2.35718,1.36507,0.038,-0.962,0.432,0.101
N,lc_00291.544_00344.648_t,SWEEPS_F3/A.3/newlctot/Isf/lc_00291.544_00344.648_t,SWEEPS_F3/A.3/newlctot/Vsf/lc_00290.568_00345.640_t,ceph,5.797602,19.02,20.89,269.675542,-29.199194,17:58:42.13,-29:11:57.1,0.27,5.80598,0.263,19.034,20.736,910.861,1.122,0.02,19.029,2431.899,813,5.80152,11.60437,23.20515,17.40187,1.20443,0.081,-1.867,4.249,0.36
N,lc_00233.196_01774.767_t,SWEEPS_F2/A.3/newlctot/Isf/lc_00233.196_01774.767_t,SWEEPS_F2/A.3/newlctot/Vsf/lc_00233.096_01775.292_t,ceph,6.218151,18.44,20.61,269.748125,-29.105917,17:58:59.55,-29:06:21.3,0.23,6.22911,0.218,18.456,20.624,914.399,1.16,0.02,18.453,4852.229,789,6.23275,12.46189,24.91962,18.69299,1.18722,0.056,-1.285,1.108,0.028
N,lc_01716.849_01310.974_t,SWEEPS_F2/A.3/newlctot/Isf/lc_01716.849_01310.974_t,SWEEPS_F2/A.3/newlctot/Vsf/lc_01717.540_01311.057_t,ceph,4.741781,18.46,20.69,269.717625,-29.190806,17:58:52.23,-29:11:26.9,0.216,4.74082,0.171,18.463,20.55,922.15,1.144,0.02,18.47,3847.173,807,9.481,4.74063,18.96553,14.22431,1.64796,0.081,-1.733,4.767,0.24
N,lc_01719.964_01658.901_t,SWEEPS_F1/A.3/newlctot/Isf/lc_01719.964_01658.901_t,SWEEPS_F1/A.3/newlctot/Vsf/lc_01721.562_01658.620_t,ceph,2.312031,17.84,20.02,269.614958,-29.219028,17:58:27.59,-29:13:08.5,0.149,2.31283,0.117,17.85,20.057,923.538,1.13,0.02,17.846,8953.609,815,2.31203,6.93649,4.62408,9.24884,1.3935,0.054,-1.322,5.715,0.136
N,lc_00874.475_00336.197_t,SWEEPS_F1/B.1/newlctot/Isf/lc_00874.475_00336.197_t,SWEEPS_F1/B.1/newlctot/Vsf/lc_00874.570_00335.727_t,ceph,6.937008,18.65,20.59,269.72875,-29.320583,17:58:54.90,-29:19:14.1,0.32,6.94421,0.2,18.65,20.607,923.708,1.12,0.02,18.645,5380.454,823,13.89437,6.94518,27.79064,20.83641,3.4935,0.082,-1.95,3.389,0.158
N,lc_00853.304_00045.869_t,SWEEPS_F2/B.1/newlctot/Isf/lc_00853.304_00045.869_t,SWEEPS_F2/B.1/newlctot/Vsf/lc_00000.000_00000.000_t,ceph,8.05437,19.29,99.0,269.832042,-29.291389,17:59:19.69,-29:17:29.0,0.419,8.04728,0.383,19.272,99.0,927.233,1.29,0.02,19.272,2020.029,725,8.05062,16.10001,32.20653,24.15389,1.13835,0.16,-2.185,4.467,0.138
N,lc_00176.933_01711.149_t,SWEEPS_F2/A.3/newlctot/Isf/lc_00176.933_01711.149_t,SWEEPS_F2/A.3/newlctot/Vsf/lc_00176.750_01711.460_t,ceph,7.74259,18.14,20.2,269.743958,-29.102722,17:58:58.55,-29:06:09.8,0.218,7.76009,0.14,18.14,20.122,929.472,1.153,0.02,18.142,6826.383,807,7.74726,15.50175,23.24889,3.43442,2.651,0.056,-0.606,-0.725,0.275
N,lc_00682.213_01193.992_t,SWEEPS_F1/A.3/newlctot/Isf/lc_00682.213_01193.992_t,SWEEPS_F1/A.3/newlctot/Vsf/lc_00000.000_00000.000_t,ceph,6.154376,18.9,99.0,269.584667,-29.159917,17:58:20.32,-29:09:35.7,0.306,6.15416,0.219,18.884,99.0,935.662,1.157,0.02,18.885,3256.755,815,18.46084,6.15143,24.61519,12.3063,3.4328,0.093,-1.184,-0.239,0.014
N,lc_00268.796_00187.851_t,SWEEPS_F1/A.3/newlctot/Isf/lc_00268.796_00187.851_t,SWEEPS_F1/A.3/newlctot/Vsf/lc_00000.000_00000.000_t,ceph,14.458965,18.86,99.0,269.519042,-29.136361,17:58:04.57,-29:08:10.9,0.288,14.36572,0.188,18.854,99.0,964.411,1.192,0.02,18.857,5531.151,815,28.8096,57.61514,43.22433,14.38701,1.07164,0.061,-1.391,4.531,0.11
N,lc_01426.869_01787.593_t,SWEEPS_F2/A.3/newlctot/Isf/lc_01426.869_01787.593_t,SWEEPS_F2/A.3/newlctot/Vsf/lc_01427.946_01788.190_t,ceph,7.143465,18.34,19.95,269.748875,-29.174194,17:58:59.73,-29:10:27.1,0.206,6.84001,0.107,18.344,19.965,967.214,1.227,0.02,18.344,9277.341,789,3.50193,6.83082,13.65696,27.37905,4.67027,0.043,-1.831,2.766,0.129
N,lc_00878.229_02033.235_t,SWEEPS_F3/A.2/newlctot/Isf/lc_00878.229_02033.235_t,SWEEPS_F3/A.2/newlctot/Vsf/lc_00878.905_02032.724_t,ceph,1.028371,18.08,20.07,269.983917,-29.233889,17:59:56.14,-29:14:02.0,0.208,32.64677,0.114,18.079,20.059,973.87,1.192,0.02,18.075,10989.254,818,65.37321,32.74025,98.76482,3.08526,1.0285,0.047,-2.005,6.012,0.237
N,lc_00878.221_01166.413_t,SWEEPS_F2/B.1/newlctot/Isf/lc_00878.221_01166.413_t,SWEEPS_F2/B.1/newlctot/Vsf/lc_00000.000_00000.000_t,ceph,2.721331,19.16,99.0,269.905542,-29.292639,17:59:37.33,-29:17:33.5,0.265,2.72173,0.173,19.16,99.0,985.105,1.215,0.02,19.165,2338.164,817,8.16099,5.44113,10.88082,2.72001,4.72358,0.041,-0.688,-0.35,0.194
N,lc_00310.913_00780.833_t,SWEEPS_F3/A.3/newlctot/Isf/lc_00310.913_00780.833_t,SWEEPS_F3/A.3/newlctot/Vsf/lc_00310.415_00780.647_t,ceph,13.318895,18.38,20.14,269.704125,-29.200278,17:58:48.99,-29:12:01.0,0.258,13.33245,0.165,18.375,20.111,1000.904,1.519,0.02,18.377,4463.358,660,13.32684,26.65951,40.03735,53.37906,2.78377,0.037,-2.282,5.354,0.313
N,lc_01046.268_00529.176_t,SWEEPS_F1/A.3/newlctot/Isf/lc_01046.268_00529.176_t,SWEEPS_F1/A.3/newlctot/Vsf/lc_00000.000_00000.000_t,ceph,1.886962,18.7,99.0,269.54125,-29.180639,17:58:09.90,-29:10:50.3,0.216,2.11627,0.158,18.696,99.0,1009.735,1.256,0.02,18.696,2200.34,810,3.77264,1.88609,7.54542,5.65862,2.11675,0.025,-1.605,5.439,0.118
N,lc_00958.838_00311.717_t,SWEEPS_F3/B.4/newlctot/Isf/lc_00958.838_00311.717_t,SWEEPS_F3/B.4/newlctot/Vsf/lc_00958.257_00311.994_t,ceph,2.948665,18.46,20.89,269.675708,-29.386694,17:58:42.17,-29:23:12.1,0.208,2.94952,0.189,18.459,20.875,1013.189,1.248,0.02,18.457,6154.092,813,1.49054,2.94959,5.8987,8.84722,2.98106,0.06,-2.619,3.911,0.164
N,lc_00924.077_00265.545_t,SWEEPS_F1/A.2/newlctot/Isf/lc_00924.077_00265.545_t,SWEEPS_F1/A.2/newlctot/Vsf/lc_00923.268_00266.243_t,ceph,8.276558,18.23,19.78,269.715583,-29.174528,17:58:51.74,-29:10:28.3,0.21,8.27788,0.197,18.24,19.788,1014.254,1.243,0.02,18.234,7122.435,814,16.56646,8.27986,1.78038,33.13964,3.56081,0.052,-2.517,3.986,0.278
N,lc_01495.740_00211.414_t,SWEEPS_F1/B.4/newlctot/Isf/lc_01495.740_00211.414_t,SWEEPS_F1/B.4/newlctot/Vsf/lc_01496.317_00211.233_t,ceph,11.539397,18.9,21.39,269.522333,-29.355444,17:58:05.36,-29:21:19.6,0.288,11.5426,0.172,18.9,21.364,1068.409,1.293,0.02,18.897,5385.11,824,1.84001,11.55077,34.63857,23.08715,2.76008,0.061,-1.473,-0.185,0.139
N,lc_01030.638_00091.217_t,SWEEPS_F1/B.1/newlctot/Isf/lc_01030.638_00091.217_t,SWEEPS_F1/B.1/newlctot/Vsf/lc_01030.767_00090.572_t,ceph,4.33251,18.96,20.43,269.712708,-29.329528,17:58:51.05,-29:19:46.3,0.245,4.3357,0.159,18.956,20.417,1076.285,1.305,0.02,18.957,2361.923,823,4.33677,13.01067,8.67346,3.24339,1.62172,0.022,-1.03,4.679,0.137
N,lc_01819.329_01110.287_t,SWEEPS_F3/B.1/newlctot/Isf/lc_01819.329_01110.287_t,SWEEPS_F3/B.1/newlctot/Vsf/lc_01820.075_01110.857_t,ceph,17.648392,19.24,21.0,269.927833,-29.436111,17:59:42.68,-29:26:10.0,0.284,17.6871,0.246,19.234,21.096,1079.89,1.345,0.02,19.236,1957.668,805,17.67682,35.35909,53.06062,70.65726,2.11378,0.052,-1.223,2.088,0.275
N,lc_01970.289_01167.719_t,SWEEPS_F1/B.4/newlctot/Isf/lc_01970.289_01167.719_t,SWEEPS_F1/B.4/newlctot/Vsf/lc_01970.385_01168.340_t,ceph,14.635292,18.21,20.32,269.584875,-29.382556,17:58:20.37,-29:22:57.2,0.262,14.63439,0.177,18.211,20.34,1106.989,1.399,0.02,18.21,8278.618,789,29.30018,14.65772,58.55829,43.94396,2.14045,0.072,-1.922,3.477,0.064
N,lc_01531.908_00656.906_t,SWEEPS_F2/B.1/newlctot/Isf/lc_01531.908_00656.906_t,SWEEPS_F2/B.1/newlctot/Vsf/lc_01532.398_00656.666_t,ceph,8.334034,18.05,20.22,269.872083,-29.330083,17:59:29.30,-29:19:48.3,0.212,8.32584,0.121,18.058,20.166,1118.558,1.361,0.02,18.055,11948.759,823,16.64341,33.33858,24.95622,8.32391,2.67221,0.051,-2.173,6.458,0.046
N,lc_00865.425_00266.346_t,SWEEPS_F1/B.4/newlctot/Isf/lc_00865.425_00266.346_t,SWEEPS_F1/B.4/newlctot/Vsf/lc_00000.000_00000.000_t,ceph,1.843543,18.82,99.0,269.526,-29.319528,17:58:06.24,-29:19:10.3,0.276,1.84376,0.205,18.827,99.0,1133.392,1.386,0.02,18.823,4411.622,824,3.68684,1.84343,5.53061,1.94163,1.29444,0.088,-1.341,4.893,0.137
N,lc_01998.110_00364.232_t,SWEEPS_F1/A.2/newlctot/Isf/lc_01998.110_00364.232_t,SWEEPS_F1/A.2/newlctot/Vsf/lc_01998.448_00363.868_t,ceph,14.080637,18.35,20.16,269.722042,-29.236056,17:58:53.29,-29:14:09.8,0.246,0.93155,0.121,18.346,20.188,1133.445,1.389,0.02,18.343,10448.655,814,28.19121,14.11952,56.45462,2.79469,42.33583,0.048,-1.857,2.039,0.246
N,lc_01256.770_00334.271_t,SWEEPS_F3/A.3/newlctot/Isf/lc_01256.770_00334.271_t,SWEEPS_F3/A.3/newlctot/Vsf/lc_00000.000_00000.000_t,ceph,2.790946,18.47,99.0,269.674708,-29.254444,17:58:41.93,-29:15:16.0,0.206,2.78926,0.166,18.477,99.0,1138.034,1.497,0.02,18.478,3225.401,766,2.78858,5.57729,8.36537,1.46906,3.10613,0.036,3.011,-7.343,0.209
N,lc_01207.579_01996.767_t,SWEEPS_F3/A.3/newlctot/Isf/lc_01207.579_01996.767_t,SWEEPS_F3/A.3/newlctot/Vsf/lc_00000.000_00000.000_t,ceph,2.655104,19.28,99.0,269.783708,-29.251528,17:59:08.09,-29:15:05.5,0.287,2.65347,0.179,19.273,99.0,1148.707,1.423,0.02,19.272,3819.978,813,7.96303,2.65435,10.61773,5.30955,4.79293,0.069,-1.678,0.5,0.11
N,lc_01420.451_00223.519_t,SWEEPS_F1/B.4/newlctot/Isf/lc_01420.451_00223.519_t,SWEEPS_F1/B.4/newlctot/Vsf/lc_00000.000_00000.000_t,ceph,1.192951,18.15,99.0,269.523125,-29.351139,17:58:05.55,-29:21:04.1,0.228,1.19304,0.101,18.15,99.0,1153.51,1.473,0.02,18.146,9268.49,789,18.49474,6.16636,1.19298,2.38597,12.33533,0.045,-2.666,3.263,0.252
N,lc_01000.510_00016.695_t,SWEEPS_F3/A.2/newlctot/Isf/lc_01000.510_00016.695_t,SWEEPS_F3/A.2/newlctot/Vsf/lc_01002.400_00016.059_t,ceph,2.474448,18.82,20.45,269.851417,-29.24075,17:59:24.34,-29:14:26.7,0.203,2.47429,0.15,18.825,20.426,1153.535,1.449,0.02,18.823,3754.128,797,2.47399,4.94785,7.42093,5.03258,2.84317,0.033,-2.336,5.858,0.156
N,lc_00954.068_00231.619_t,SWEEPS_F1/B.1/newlctot/Isf/lc_00954.068_00231.619_t,SWEEPS_F1/B.1/newlctot/Vsf/lc_00954.052_00231.151_t,ceph,4.210896,18.55,20.56,269.721917,-29.325139,17:58:53.26,-29:19:30.5,0.283,4.20551,0.244,18.562,20.492,1171.254,1.42,0.02,18.562,4104.916,823,8.41414,4.20705,16.82794,12.62108,1.30712,0.098,-1.129,5.14,0.203
N,lc_01762.168_02172.433_t,SWEEPS_F3/A.3/newlctot/Isf/lc_01762.168_02172.433_t,SWEEPS_F3/A.3/newlctot/Vsf/lc_01762.510_02173.061_t,ceph,13.637443,17.83,19.94,269.795167,-29.28325,17:59:10.84,-29:16:59.7,0.22,13.58876,0.118,17.826,19.953,1179.164,1.638,0.02,17.825,16960.126,721,27.16285,54.30059,13.57711,40.68812,1.9917,0.045,-1.754,2.942,0.306
N,lc_00934.386_00436.505_t,SWEEPS_F1/A.3/newlctot/Isf/lc_00934.386_00436.505_t,SWEEPS_F1/A.3/newlctot/Vsf/lc_00000.000_00000.000_t,ceph,5.71478,19.02,99.0,269.535208,-29.174278,17:58:08.45,-29:10:27.4,0.277,1.20936,0.15,19.016,99.0,1200.137,1.483,0.02,19.011,5055.062,815,11.36819,5.6837,1.20951,2.41901,1.69719,0.063,-1.206,2.514,0.387
N,lc_01115.991_02117.410_t,SWEEPS_F3/B.1/newlctot/Isf/lc_01115.991_02117.410_t,SWEEPS_F3/B.1/newlctot/Vsf/lc_01116.003_02118.592_t,ceph,8.759857,18.46,20.59,269.99375,-29.395889,17:59:58.50,-29:23:45.2,0.227,8.78411,0.118,18.453,20.683,1203.105,1.525,0.02,18.452,9483.622,790,8.78206,35.14425,3.3751,17.57284,26.35447,0.043,-1.131,1.179,0.211
N,lc_01380.123_01795.276_t,SWEEPS_F1/A.2/newlctot/Isf/lc_01380.123_01795.276_t,SWEEPS_F1/A.2/newlctot/Vsf/lc_01380.266_01795.615_t,ceph,1.115343,18.13,20.09,269.816,-29.200722,17:59:15.84,-29:12:02.6,0.215,9.40408,0.129,18.13,20.114,1212.464,1.484,0.02,18.129,12589.883,815,28.21168,18.80562,37.62512,9.40075,1.11538,0.054,-0.781,3.429,0.031
N,lc_01438.527_01067.215_t,SWEEPS_F1/B.4/newlctot/Isf/lc_01438.527_01067.215_t,SWEEPS_F1/B.4/newlctot/Vsf/lc_00000.000_00000.000_t,ceph,8.955971,18.79,99.0,269.578333,-29.35225,17:58:18.80,-29:21:08.1,0.316,8.95534,0.267,18.801,99.0,1216.453,1.487,0.02,18.802,3255.244,824,17.91228,8.95722,26.86783,35.82062,3.36695,0.119,-1.64,5.51,0.14
N,lc_01051.225_00856.117_t,SWEEPS_F1/A.2/newlctot/Isf/lc_01051.225_00856.117_t,SWEEPS_F1/A.2/newlctot/Vsf/lc_01050.921_00855.997_t,ceph,4.321052,18.39,20.25,269.754333,-29.181833,17:59:01.04,-29:10:54.6,0.236,4.32575,0.197,18.396,20.331,1229.775,1.505,0.02,18.399,3271.238,815,4.32195,8.6445,17.29028,12.96785,1.6207,0.094,-1.046,5.213,0.232
N,lc_01413.902_00924.119_t,SWEEPS_F2/B.4/newlctot/Isf/lc_01413.902_00924.119_t,SWEEPS_F2/B.4/newlctot/Vsf/lc_01414.111_00925.359_t,ceph,7.74259,18.05,19.99,269.731667,-29.322861,17:58:55.60,-29:19:22.3,0.292,7.71181,0.236,18.046,19.886,1260.512,2.279,0.02,18.044,6082.099,554,30.88789,7.71473,15.43048,23.15384,1.76639,0.062,-1.974,6.964,0.129
N,lc_00913.484_01496.957_t,SWEEPS_F1/B.1/newlctot/Isf/lc_00913.484_01496.957_t,SWEEPS_F1/B.1/newlctot/Vsf/lc_00913.317_01497.128_t,ceph,3.960745,18.37,20.26,269.804625,-29.322667,17:59:13.11,-29:19:21.6,0.279,3.96601,0.153,18.355,20.28,1272.062,1.608,0.02,18.358,8009.946,789,7.93153,3.96592,11.90222,15.87017,4.01032,0.06,-1.79,1.417,0.484
N,lc_01039.843_01347.071_t,SWEEPS_F2/B.4/newlctot/Isf/lc_01039.843_01347.071_t,SWEEPS_F2/B.4/newlctot/Vsf/lc_01039.818_01348.436_t,ceph,3.603922,18.34,20.43,269.759417,-29.301528,17:59:02.26,-29:18:05.5,0.263,3.60096,0.246,18.348,20.415,1292.643,1.59,0.02,18.349,6134.074,814,7.20291,3.60158,10.80599,3.12439,2.34326,0.08,2.658,-4.032,0.075
N,lc_00781.969_00602.376_t,SWEEPS_F2/A.2/newlctot/Isf/lc_00781.969_00602.376_t,SWEEPS_F2/A.2/newlctot/Vsf/lc_00782.651_00602.174_t,ceph,16.902697,17.69,19.6,269.864125,-29.138306,17:59:27.39,-29:08:17.9,0.273,16.95366,0.287,17.703,19.567,1319.197,1.629,0.02,17.705,16190.26,811,33.92094,16.96221,50.90477,67.87031,2.11936,0.105,-0.592,-1.689,0.186
N,lc_01718.690_01927.201_t,SWEEPS_F1/A.3/newlctot/Isf/lc_01718.690_01927.201_t,SWEEPS_F1/A.3/newlctot/Vsf/lc_01720.149_01926.708_t,ceph,7.018142,17.94,19.91,269.632458,-29.218944,17:58:31.79,-29:13:08.2,0.267,6.99186,0.172,17.939,19.956,1320.361,1.616,0.02,17.934,17133.496,815,7.00404,28.02556,21.02007,14.01181,3.4993,0.067,-0.82,0.717,0.079
N,lc_00243.717_00381.281_t,SWEEPS_F2/B.4/newlctot/Isf/lc_00243.717_00381.281_t,SWEEPS_F2/B.4/newlctot/Vsf/lc_00243.086_00382.121_t,ceph,4.801308,17.95,20.24,269.696042,-29.255917,17:58:47.05,-29:15:21.3,0.237,4.80254,0.181,17.977,20.067,1321.953,1.624,0.02,17.974,5549.962,815,4.8004,9.59984,14.39986,1.25899,2.51783,0.069,-1.3,5.29,0.196
N,lc_01388.007_00990.359_t,SWEEPS_F2/A.3/newlctot/Isf/lc_01388.007_00990.359_t,SWEEPS_F2/A.3/newlctot/Vsf/lc_01388.359_00990.254_t,ceph,5.062735,18.38,20.35,269.696667,-29.172028,17:58:47.20,-29:10:19.3,0.398,5.06099,0.338,18.377,20.284,1338.969,1.661,0.02,18.377,6389.381,807,5.06325,10.12392,15.184,20.2451,1.66641,0.129,-0.104,2.847,0.345
N,lc_01590.147_01558.405_t,SWEEPS_F1/B.4/newlctot/Isf/lc_01590.147_01558.405_t,SWEEPS_F1/B.4/newlctot/Vsf/lc_00000.000_00000.000_t,ceph,11.651429,19.62,99.0,269.610458,-29.360917,17:58:26.51,-29:21:39.3,0.319,11.66007,0.288,19.616,99.0,1349.508,1.65,0.02,19.617,1647.124,824,23.30685,11.64876,34.93681,46.54719,1.83731,0.054,2.689,-7.908,0.283
N,lc_01300.597_00214.535_t,SWEEPS_F2/B.4/newlctot/Isf/lc_01300.597_00214.535_t,SWEEPS_F2/B.4/newlctot/Vsf/lc_00000.000_00000.000_t,ceph,2.715174,19.32,99.0,269.685083,-29.316306,17:58:44.42,-29:18:58.7,0.293,2.71398,0.233,19.334,99.0,1354.69,1.675,0.02,19.327,2428.303,815,2.71198,5.42452,10.85648,8.14095,1.45873,0.045,0.189,0.278,0.122
N,lc_00182.897_00250.942_t,SWEEPS_F2/B.1/newlctot/Isf/lc_00182.897_00250.942_t,SWEEPS_F2/B.1/newlctot/Vsf/lc_00000.000_00000.000_t,ceph,8.511352,18.99,99.0,269.8455,-29.253056,17:59:22.92,-29:15:11.0,0.283,8.48879,0.271,18.998,99.0,1369.894,1.677,0.02,18.987,6054.448,823,33.95059,16.97174,8.48922,25.46584,4.52002,0.076,-3.044,4.061,0.025
N,lc_01210.578_00372.409_t,SWEEPS_F2/A.3/newlctot/Isf/lc_01210.578_00372.409_t,SWEEPS_F2/A.3/newlctot/Vsf/lc_01210.931_00371.923_t,ceph,5.806331,17.51,19.54,269.65625,-29.161917,17:58:37.50,-29:09:42.9,0.242,1.2041,0.164,17.514,19.538,1399.457,1.736,0.02,17.512,21480.345,807,23.24094,1.70599,4.81647,11.62079,1.20408,0.073,-1.811,2.252,0.064
N,lc_01022.178_00438.226_t,SWEEPS_F1/A.3/newlctot/Isf/lc_01022.178_00438.226_t,SWEEPS_F1/A.3/newlctot/Vsf/lc_01023.790_00437.213_t,ceph,15.191055,18.19,20.71,269.535333,-29.179278,17:58:08.48,-29:10:45.4,0.267,15.19064,0.227,18.189,20.636,1408.874,1.724,0.02,18.189,10834.838,815,30.37729,15.18412,45.5948,3.7436,1.87181,0.087,-1.971,3.915,0.149
N,lc_00485.090_01224.581_t,SWEEPS_F2/B.4/newlctot/Isf/lc_00485.090_01224.581_t,SWEEPS_F2/B.4/newlctot/Vsf/lc_00000.000_00000.000_t,ceph,5.556037,18.86,99.0,269.751375,-29.269833,17:59:00.33,-29:16:11.4,0.317,5.55613,0.197,18.852,99.0,1412.114,1.752,0.02,18.85,4876.494,812,11.1089,22.20996,5.55657,16.65565,1.69111,0.046,-1.699,4.115,0.424
N,lc_00560.769_01546.328_t,SWEEPS_F1/B.1/newlctot/Isf/lc_00560.769_01546.328_t,SWEEPS_F1/B.1/newlctot/Vsf/lc_00560.565_01546.652_t,ceph,3.112524,19.13,20.83,269.807875,-29.302556,17:59:13.89,-29:18:09.2,0.441,3.11239,0.444,19.137,20.913,1425.858,1.728,0.02,19.14,1641.621,823,6.22481,3.11239,9.33747,12.44943,1.51068,0.187,-1.91,3.911,0.119
N,lc_01803.762_00072.197_t,SWEEPS_F2/A.2/newlctot/Isf/lc_01803.762_00072.197_t,SWEEPS_F2/A.2/newlctot/Vsf/lc_01804.290_00071.855_t,ceph,5.037716,17.54,19.51,269.829458,-29.196833,17:59:19.07,-29:11:48.6,0.22,5.03627,0.146,17.543,19.497,1426.204,1.761,0.02,17.544,19123.48,811,5.03698,10.07141,4.97449,15.1089,20.14608,0.058,-1.204,4.847,0.441
N,lc_01740.339_01589.967_t,SWEEPS_F3/B.1/newlctot/Isf/lc_01740.339_01589.967_t,SWEEPS_F3/B.1/newlctot/Vsf/lc_01740.904_01590.852_t,ceph,1.741811,19.44,21.33,269.95925,-29.431556,17:59:50.22,-29:25:53.6,0.272,2.33318,0.244,19.446,21.541,1430.22,1.777,0.02,19.442,1823.745,806,6.97055,4.66785,5.22506,9.33607,3.4833,0.031,-1.761,2.893,0.152
N,lc_00339.247_00847.649_t,SWEEPS_F1/A.2/newlctot/Isf/lc_00339.247_00847.649_t,SWEEPS_F1/A.2/newlctot/Vsf/lc_00338.996_00847.711_t,ceph,4.437684,18.48,20.38,269.753792,-29.141056,17:59:00.91,-29:08:27.8,0.357,4.43864,0.276,18.485,20.48,1452.363,1.834,0.02,18.483,3362.27,790,4.43823,8.8765,17.7532,13.31526,1.62873,0.128,-1.394,0.909,0.049
N,lc_01858.234_01525.833_t,SWEEPS_F3/B.4/newlctot/Isf/lc_01858.234_01525.833_t,SWEEPS_F3/B.4/newlctot/Vsf/lc_00000.000_00000.000_t,ceph,6.89714,18.71,99.0,269.755125,-29.438056,17:59:01.23,-29:26:17.0,0.292,6.90449,0.231,18.725,99.0,1452.914,1.8,0.02,18.723,6027.73,813,6.90242,13.79971,27.62377,20.71869,3.48575,0.072,-2.534,4.311,0.309
N,lc_00730.369_00710.887_t,SWEEPS_F2/A.2/newlctot/Isf/lc_00730.369_00710.887_t,SWEEPS_F2/A.2/newlctot/Vsf/lc_00000.000_00000.000_t,ceph,1.926337,18.64,99.0,269.87125,-29.135361,17:59:29.10,-29:08:07.3,0.379,1.92515,0.328,18.65,99.0,1494.727,2.525,0.02,18.651,3569.588,598,3.85106,1.92547,7.70118,1.31395,1.97085,0.096,-2.839,4.413,0.414
N,lc_00142.289_01943.857_t,SWEEPS_F1/B.4/newlctot/Isf/lc_00142.289_01943.857_t,SWEEPS_F1/B.4/newlctot/Vsf/lc_00141.498_01944.674_t,ceph,8.451414,17.95,19.97,269.635667,-29.278444,17:58:32.56,-29:16:42.4,0.218,8.47877,0.12,17.945,19.939,1523.207,1.844,0.02,17.946,17412.643,824,33.8662,16.918,8.45891,25.38753,4.52209,0.054,-0.83,-0.049,0.331
N,lc_00211.754_01796.649_t,SWEEPS_F3/B.1/newlctot/Isf/lc_00211.754_01796.649_t,SWEEPS_F3/B.1/newlctot/Vsf/lc_00211.382_01797.829_t,ceph,8.451414,17.25,19.61,269.972708,-29.344417,17:59:53.45,-29:20:39.9,0.239,8.45965,0.19,17.255,19.455,1568.914,1.949,0.02,17.255,28105.661,806,33.82377,25.37306,16.9136,8.45644,2.6763,0.084,-1.451,5.201,0.131
N,lc_01398.780_00473.168_t,SWEEPS_F2/A.2/newlctot/Isf/lc_01398.780_00473.168_t,SWEEPS_F2/A.2/newlctot/Vsf/lc_01399.081_00473.035_t,ceph,13.637443,18.59,20.71,269.855708,-29.173639,17:59:25.37,-29:10:25.1,0.303,13.65102,0.158,18.587,20.703,1588.054,1.961,0.02,18.586,10284.899,811,27.32676,13.65421,40.97646,1.07826,1.8591,0.067,-0.884,-0.965,0.099
N,lc_01942.472_00105.957_t,SWEEPS_F1/B.1/newlctot/Isf/lc_01942.472_00105.957_t,SWEEPS_F1/B.1/newlctot/Vsf/lc_00000.000_00000.000_t,ceph,3.334233,19.08,99.0,269.713625,-29.381528,17:58:51.27,-29:22:53.5,0.369,3.33504,0.276,19.076,99.0,1601.715,1.96,0.02,19.071,3429.398,823,6.66852,3.33437,10.00257,1.42296,4.26875,0.117,-2.5,4.505,0.251
N,lc_01907.636_01941.145_t,SWEEPS_F1/B.1/newlctot/Isf/lc_01907.636_01941.145_t,SWEEPS_F1/B.1/newlctot/Vsf/lc_00000.000_00000.000_t,ceph,4.068154,18.53,99.0,269.833708,-29.379306,17:59:20.09,-29:22:45.5,0.278,4.06111,0.13,18.538,99.0,1609.82,1.97,0.02,18.535,9979.805,823,4.0655,8.13249,3.97846,16.26029,12.1926,0.056,-1.842,6.668,0.298
N,lc_00555.558_00288.567_t,SWEEPS_F1/A.2/newlctot/Isf/lc_00555.558_00288.567_t,SWEEPS_F1/A.2/newlctot/Vsf/lc_00555.242_00287.823_t,ceph,4.669669,18.72,20.47,269.717125,-29.153417,17:58:52.11,-29:09:12.3,0.241,4.66888,0.238,18.753,20.454,1623.901,1.988,0.02,18.746,3937.563,815,4.6663,9.3317,14.00027,1.64343,2.46518,0.07,-2.295,6.152,0.099
N,lc_01754.551_00838.226_t,SWEEPS_F3/B.1/newlctot/Isf/lc_01754.551_00838.226_t,SWEEPS_F3/B.1/newlctot/Vsf/lc_00000.000_00000.000_t,ceph,3.125278,19.07,99.0,269.910042,-29.432444,17:59:38.41,-29:25:56.8,0.29,3.12433,0.228,19.073,99.0,1661.053,2.089,0.02,19.065,3178.93,801,6.25798,3.12897,9.38571,12.51462,2.92837,0.036,0.665,1.664,0.294
N,lc_00094.892_01106.636_t,SWEEPS_F1/B.4/newlctot/Isf/lc_00094.892_01106.636_t,SWEEPS_F1/B.4/newlctot/Vsf/lc_00094.307_01107.244_t,ceph,4.39599,18.87,20.97,269.580958,-29.275694,17:58:19.43,-29:16:32.5,0.319,4.40379,0.157,18.874,20.972,1670.433,2.022,0.02,18.871,7709.76,824,8.80435,4.40379,17.5992,13.20275,5.15742,0.055,-1.631,0.739,0.364
N,lc_01192.013_00617.890_t,SWEEPS_F2/B.4/newlctot/Isf/lc_01192.013_00617.890_t,SWEEPS_F2/B.4/newlctot/Vsf/lc_00000.000_00000.000_t,ceph,4.054411,19.04,99.0,269.711542,-29.310139,17:58:50.77,-29:18:36.5,0.226,4.05386,0.249,19.05,99.0,1681.827,2.079,0.02,19.047,1660.127,815,4.04978,3.96965,8.09948,12.14946,1.32326,0.028,-1.615,3.396,0.057
N,lc_00588.024_01296.100_t,SWEEPS_F2/A.2/newlctot/Isf/lc_00588.024_01296.100_t,SWEEPS_F2/A.2/newlctot/Vsf/lc_00587.997_01296.280_t,ceph,4.504466,17.49,19.39,269.909625,-29.12725,17:59:38.31,-29:07:38.1,0.27,4.4998,0.207,17.498,19.376,1739.453,2.147,0.02,17.498,19376.443,811,4.50362,9.007,13.50432,18.00587,1.63295,0.082,-1.201,4.432,0.301
N,lc_00371.212_00051.788_t,SWEEPS_F2/A.3/newlctot/Isf/lc_00371.212_00051.788_t,SWEEPS_F2/A.3/newlctot/Vsf/lc_00371.137_00051.019_t,ceph,3.166508,17.77,19.7,269.635375,-29.113944,17:58:32.49,-29:06:50.2,0.274,3.16952,0.151,17.778,19.74,1753.86,2.176,0.02,17.774,14508.021,807,12.67512,6.33766,9.50586,3.16819,5.82155,0.038,-1.309,5.419,0.061
N,lc_01230.572_01523.684_t,SWEEPS_F2/B.4/newlctot/Isf/lc_01230.572_01523.684_t,SWEEPS_F2/B.4/newlctot/Vsf/lc_01230.275_01525.018_t,ceph,7.143465,18.74,20.65,269.771042,-29.312472,17:59:05.05,-29:18:44.9,0.236,7.13609,0.254,18.748,20.665,1807.758,2.221,0.02,18.742,7264.688,815,14.25339,7.12663,3.56246,1.16257,28.57624,0.049,-1.026,3.567,0.501
N,lc_00993.572_00923.074_t,SWEEPS_F3/A.2/newlctot/Isf/lc_00993.572_00923.074_t,SWEEPS_F3/A.2/newlctot/Vsf/lc_00000.000_00000.000_t,ceph,1.136467,19.03,99.0,269.910958,-29.240444,17:59:38.63,-29:14:25.6,0.354,1.13651,0.302,19.038,99.0,1818.283,2.239,0.02,19.039,3259.798,818,2.27284,1.13642,3.40925,4.54562,24.43354,0.126,-2.337,4.944,0.229
N,lc_01666.604_00317.599_t,SWEEPS_F1/A.3/newlctot/Isf/lc_01666.604_00317.599_t,SWEEPS_F1/A.3/newlctot/Vsf/lc_00000.000_00000.000_t,ceph,3.960745,19.31,99.0,269.527375,-29.215972,17:58:06.57,-29:12:57.5,0.334,3.96129,0.271,19.295,99.0,1825.18,2.256,0.02,19.287,5033.808,815,3.95905,7.91883,11.8783,4.01311,1.59336,0.092,0.238,0.995,0.229
N,lc_01036.714_00365.797_t,SWEEPS_F1/B.1/newlctot/Isf/lc_01036.714_00365.797_t,SWEEPS_F1/B.1/newlctot/Vsf/lc_00000.000_00000.000_t,ceph,1.878103,18.9,99.0,269.730667,-29.329833,17:58:55.36,-29:19:47.4,0.294,3.75436,0.26,18.922,99.0,1858.482,2.275,0.02,18.906,8456.598,823,7.51269,3.75643,1.35764,2.71514,1.5777,0.054,-1.145,2.563,0.058
N,lc_01064.396_00454.953_t,SWEEPS_F1/B.1/newlctot/Isf/lc_01064.396_00454.953_t,SWEEPS_F1/B.1/newlctot/Vsf/lc_01064.492_00454.552_t,ceph,3.478569,18.63,20.68,269.7365,-29.331417,17:58:56.76,-29:19:53.1,0.239,3.47381,0.203,18.633,20.629,1863.608,2.356,0.02,18.637,4487.344,789,6.95904,3.48031,13.91428,10.43567,2.33012,0.035,-0.143,-0.113,0.437
N,lc_00094.413_01901.220_t,SWEEPS_F1/A.3/newlctot/Isf/lc_00094.413_01901.220_t,SWEEPS_F1/A.3/newlctot/Vsf/lc_00095.170_01900.668_t,ceph,2.290281,19.17,20.97,269.630833,-29.126417,17:58:31.40,-29:07:35.1,0.337,2.28885,0.19,19.175,20.982,1867.194,2.285,0.02,19.171,7357.571,815,2.28639,9.15386,4.57945,6.86815,1.99539,0.045,-2.946,4.135,0.234
N,lc_01972.080_01333.787_t,SWEEPS_F1/A.3/newlctot/Isf/lc_01972.080_01333.787_t,SWEEPS_F1/A.3/newlctot/Vsf/lc_01973.649_01333.215_t,ceph,12.632591,18.29,20.41,269.593708,-29.233389,17:58:22.49,-29:14:00.2,0.328,12.64504,0.221,18.308,20.395,1888.998,2.312,0.02,18.31,14403.282,815,25.29305,37.94546,12.65163,3.24847,2.16551,0.086,-1.28,-0.568,0.174
N,lc_01906.755_01845.060_t,SWEEPS_F3/B.4/newlctot/Isf/lc_01906.755_01845.060_t,SWEEPS_F3/B.4/newlctot/Vsf/lc_00000.000_00000.000_t,ceph,1.387409,19.11,99.0,269.776042,-29.440833,17:59:06.25,-29:26:27.0,0.27,3.54574,0.313,19.102,99.0,1907.822,2.364,0.02,19.098,3391.981,813,7.09128,10.63725,3.54576,4.163,1.38767,0.056,-1.962,2.645,0.183
N,lc_00708.691_01179.469_t,SWEEPS_F1/B.1/newlctot/Isf/lc_00708.691_01179.469_t,SWEEPS_F1/B.1/newlctot/Vsf/lc_00708.394_01179.434_t,ceph,8.21987,15.96,17.83,269.783875,-29.311056,17:59:08.13,-29:18:39.8,0.328,8.24437,0.261,15.973,17.849,1927.364,3.312,0.02,15.973,99574.717,580,16.48309,8.24146,32.96285,24.7114,1.77934,0.1,-0.67,-0.746,0.199
N,lc_00923.632_00969.458_t,SWEEPS_F3/B.4/newlctot/Isf/lc_00923.632_00969.458_t,SWEEPS_F3/B.4/newlctot/Vsf/lc_00923.220_00970.252_t,ceph,14.286837,19.5,21.45,269.71875,-29.38475,17:58:52.50,-29:23:05.1,0.291,0.9321,0.389,19.497,21.298,1987.628,2.451,0.02,19.499,2841.562,813,1.86405,14.24438,28.46843,1.92733,2.79658,0.06,2.953,-3.184,0.366
N,lc_01941.770_01706.858_t,SWEEPS_F1/B.4/newlctot/Isf/lc_01941.770_01706.858_t,SWEEPS_F1/B.4/newlctot/Vsf/lc_01942.333_01707.785_t,ceph,11.651429,18.99,21.21,269.620167,-29.380972,17:58:28.84,-29:22:51.5,0.36,0.5216,0.239,18.995,21.235,2054.707,2.91,0.02,18.994,7004.426,704,1.09054,2.18105,35.01781,11.63929,4.3614,0.057,-1.608,5.578,0.092
N,lc_01918.709_00887.663_t,SWEEPS_F3/B.1/newlctot/Isf/lc_01918.709_00887.663_t,SWEEPS_F3/B.1/newlctot/Vsf/lc_01919.541_00888.206_t,ceph,7.059425,18.53,21.12,269.913292,-29.441806,17:59:39.19,-29:26:30.5,0.355,7.0585,0.285,18.541,21.269,2059.879,2.568,0.02,18.54,9314.491,803,28.24365,14.12009,7.06053,21.18033,1.16139,0.115,-1.473,1.224,0.025
N,lc_01963.959_00160.114_t,SWEEPS_F1/B.1/newlctot/Isf/lc_01963.959_00160.114_t,SWEEPS_F1/B.1/newlctot/Vsf/lc_01964.786_00159.812_t,ceph,4.10995,18.79,21.04,269.717167,-29.382722,17:58:52.12,-29:22:57.8,0.292,4.11073,0.239,18.796,21.0,2080.568,2.522,0.02,18.794,6235.39,823,4.11018,8.22326,16.4462,12.33701,1.60535,0.045,-3.031,7.918,0.209
N,lc_00492.387_01018.832_t,SWEEPS_F2/B.4/newlctot/Isf/lc_00492.387_01018.832_t,SWEEPS_F2/B.4/newlctot/Vsf/lc_00491.872_01020.127_t,ceph,3.909139,18.77,20.87,269.737875,-29.270222,17:58:57.09,-29:16:12.8,0.232,1.33918,0.245,18.76,20.836,2098.39,2.581,0.02,18.761,2831.468,814,1.3387,4.01621,2.67784,3.91157,7.82036,0.033,2.224,-1.522,0.263
N,lc_01976.934_00940.452_t,SWEEPS_F1/A.2/newlctot/Isf/lc_01976.934_00940.452_t,SWEEPS_F1/A.2/newlctot/Vsf/lc_01977.286_00940.239_t,ceph,4.212014,18.88,20.87,269.759875,-29.234889,17:59:02.37,-29:14:05.6,0.392,4.21095,0.255,18.916,20.951,2319.86,2.839,0.02,18.916,7903.603,815,4.20953,8.41883,12.62988,16.83732,1.61265,0.107,-2.575,4.107,0.453
N,lc_00521.416_00927.700_t,SWEEPS_F2/A.2/newlctot/Isf/lc_00521.416_00927.700_t,SWEEPS_F2/A.2/newlctot/Vsf/lc_00522.401_00928.512_t,ceph,1.23468,19.12,20.32,269.885458,-29.123389,17:59:32.51,-29:07:24.2,0.296,5.19843,0.281,19.126,20.311,2375.08,2.932,0.02,19.119,2720.288,811,2.46919,1.23459,15.59244,5.18709,10.38972,0.033,-1.28,0.434,0.59
N,lc_01424.317_01249.660_t,SWEEPS_F3/A.2/newlctot/Isf/lc_01424.317_01249.660_t,SWEEPS_F3/A.2/newlctot/Vsf/lc_01426.030_01249.959_t,ceph,8.392313,18.38,20.49,269.9325,-29.265167,17:59:43.80,-29:15:54.6,0.249,25.24588,0.076,18.382,20.581,2547.895,3.201,0.02,18.379,9333.918,797,33.65211,25.2599,16.82984,8.41925,1.78333,0.065,-2.775,3.162,0.057
N,lc_00093.094_00162.715_t,SWEEPS_F3/A.2/newlctot/Isf/lc_00093.094_00162.715_t,SWEEPS_F3/A.2/newlctot/Vsf/lc_00092.933_00161.488_t,ceph,2.925772,17.01,18.96,269.860958,-29.188722,17:59:26.63,-29:11:19.4,0.353,2.92652,0.222,17.01,18.907,2606.284,3.19,0.02,17.01,63706.836,818,2.92629,8.77866,5.85285,11.70479,1.48768,0.097,-1.825,2.955,0.112
N,lc_00946.822_00224.107_t,SWEEPS_F3/B.4/newlctot/Isf/lc_00946.822_00224.107_t,SWEEPS_F3/B.4/newlctot/Vsf/lc_00946.391_00224.300_t,ceph,2.202032,18.37,20.58,269.669958,-29.386028,17:58:40.79,-29:23:09.7,0.276,1.82164,0.216,18.381,20.607,2737.446,3.371,0.02,18.371,10772.969,813,1.83213,3.66354,5.49555,2.74685,7.32712,0.036,-2.037,5.393,0.227
N,lc_01265.760_00121.182_t,SWEEPS_F1/A.3/newlctot/Isf/lc_01265.760_00121.182_t,SWEEPS_F1/A.3/newlctot/Vsf/lc_00000.000_00000.000_t,ceph,3.614777,18.58,99.0,269.514583,-29.193139,17:58:03.50,-29:11:35.3,0.316,3.61485,0.318,18.59,99.0,2806.917,3.627,0.02,18.584,8290.009,780,7.23826,3.61584,14.47202,10.8531,1.37694,0.07,-1.961,2.749,0.214
N,lc_01128.643_00782.269_t,SWEEPS_F2/A.2/newlctot/Isf/lc_01128.643_00782.269_t,SWEEPS_F2/A.2/newlctot/Vsf/lc_00000.000_00000.000_t,ceph,11.112017,18.62,99.0,269.876,-29.158194,17:59:30.24,-29:09:29.5,0.278,33.34296,0.168,18.619,99.0,3133.534,3.912,0.02,18.616,9484.645,807,33.33449,44.49756,22.23175,11.11253,1.09848,0.077,-1.3,4.611,0.156
N,lc_01545.118_00385.794_t,SWEEPS_F2/B.1/newlctot/Isf/lc_01545.118_00385.794_t,SWEEPS_F2/B.1/newlctot/Vsf/lc_00000.000_00000.000_t,ceph,2.905828,19.28,99.0,269.854292,-29.330889,17:59:25.03,-29:19:51.2,0.408,2.90715,0.425,19.297,99.0,3181.12,4.012,0.02,19.303,2923.069,799,2.9079,8.72236,5.81495,2.22782,2.97056,0.072,-0.788,-0.096,0.122
N,lc_01699.876_00400.262_t,SWEEPS_F2/B.1/newlctot/Isf/lc_01699.876_00400.262_t,SWEEPS_F2/B.1/newlctot/Vsf/lc_00000.000_00000.000_t,ceph,1.964303,19.16,99.0,269.85525,-29.339722,17:59:25.26,-29:20:23.0,0.467,0.99703,0.469,19.299,99.0,3248.254,3.976,0.02,19.158,3769.338,823,1.01558,1.9642,64.20004,2.03089,55.11533,0.015,-1.837,2.554,3.988
N,lc_00381.904_00854.769_t,SWEEPS_F1/A.3/newlctot/Isf/lc_00381.904_00854.769_t,SWEEPS_F1/A.3/newlctot/Vsf/lc_00382.719_00854.087_t,ceph,1.289053,19.15,20.78,269.562542,-29.142806,17:58:15.01,-29:08:34.1,0.248,1.28954,0.339,19.149,20.841,3255.01,4.162,0.02,19.156,3016.608,780,4.406,8.81577,3.86687,1.28911,2.57821,0.033,1.041,-2.438,0.403
N,lc_00944.674_00315.294_t,SWEEPS_F1/B.4/newlctot/Isf/lc_00944.674_00315.294_t,SWEEPS_F1/B.4/newlctot/Vsf/lc_00944.588_00315.496_t,ceph,3.509082,16.94,19.42,269.529167,-29.324056,17:58:07.00,-29:19:26.6,0.259,1.39316,0.098,16.962,19.391,3257.224,3.943,0.02,16.965,69561.031,824,7.02395,3.512,1.39308,1.76329,10.53188,0.056,-0.784,-1.492,0.585
N,lc_01420.973_01511.574_t,SWEEPS_F1/A.3/newlctot/Isf/lc_01420.973_01511.574_t,SWEEPS_F1/A.3/newlctot/Vsf/lc_01422.241_01511.023_t,ceph,16.66794,16.46,18.57,269.605333,-29.202,17:58:25.28,-29:12:07.2,0.293,16.63791,0.249,16.48,18.495,3351.886,4.185,0.02,16.477,107373.355,799,33.34286,16.66087,49.98773,2.12163,1.06081,0.086,-2.438,4.528,0.184
N,lc_01841.286_00899.613_t,SWEEPS_F1/A.2/newlctot/Isf/lc_01841.286_00899.613_t,SWEEPS_F1/A.2/newlctot/Vsf/lc_01841.682_00899.462_t,ceph,5.609516,18.31,20.38,269.757208,-29.227111,17:59:01.73,-29:13:37.6,0.398,5.60189,0.347,18.338,20.548,3468.329,4.245,0.02,18.34,10409.673,815,5.60727,11.21623,22.42815,16.82065,1.69349,0.157,-2.046,5.659,0.167
N,lc_01929.332_01507.145_t,SWEEPS_F3/B.1/newlctot/Isf/lc_01929.332_01507.145_t,SWEEPS_F3/B.1/newlctot/Vsf/lc_00000.000_00000.000_t,ceph,6.739993,19.26,99.0,269.953833,-29.442333,17:59:48.92,-29:26:32.4,0.671,6.73916,0.692,19.191,99.0,3506.682,4.383,0.02,19.196,1528.482,806,6.74035,20.22093,26.96082,13.48016,3.51132,0.308,-1.591,4.632,0.026
N,lc_00560.227_00098.525_t,SWEEPS_F3/A.3/newlctot/Isf/lc_00560.227_00098.525_t,SWEEPS_F3/A.3/newlctot/Vsf/lc_00559.808_00097.831_t,ceph,5.263615,18.37,20.26,269.659375,-29.214583,17:58:38.25,-29:12:52.5,0.445,5.26059,0.409,18.385,20.411,3656.081,4.699,0.02,18.383,10098.33,779,5.26105,10.52198,21.04751,15.78613,1.67679,0.172,-1.733,4.902,0.152
N,lc_00886.394_00701.094_t,SWEEPS_F2/A.2/newlctot/Isf/lc_00886.394_00701.094_t,SWEEPS_F2/A.2/newlctot/Vsf/lc_00000.000_00000.000_t,ceph,1.009343,19.52,99.0,269.870625,-29.144306,17:59:28.95,-29:08:39.5,0.918,0.99964,1.426,19.156,99.0,4164.259,7.49,0.02,19.485,3807.164,562,1.00925,85.02021,3.02789,4.03721,2.01858,0.145,-2.039,4.651,0.041
N,lc_01705.931_02229.394_t,SWEEPS_F1/A.3/newlctot/Isf/lc_01705.931_02229.394_t,SWEEPS_F1/A.3/newlctot/Vsf/lc_01707.388_02229.153_t,ceph,6.593971,18.79,20.35,269.652208,-29.218194,17:58:36.53,-29:13:05.5,0.319,6.59465,0.373,18.78,20.406,4693.455,5.745,0.02,18.78,10376.64,815,6.59443,26.35728,19.77116,2.35703,13.18162,0.055,-3.093,3.584,0.167
N,lc_00910.739_01088.309_t,SWEEPS_F1/A.2/newlctot/Isf/lc_00910.739_01088.309_t,SWEEPS_F1/A.2/newlctot/Vsf/lc_00000.000_00000.000_t,ceph,15.372298,19.31,99.0,269.769583,-29.173806,17:59:04.70,-29:10:25.7,0.453,15.329,0.565,19.317,99.0,4717.943,5.854,0.02,19.31,2366.659,812,15.35911,30.72402,46.06607,61.4712,1.87311,0.06,-2.905,4.442,0.328
N,lc_01837.715_02098.801_t,SWEEPS_F3/A.2/newlctot/Isf/lc_01837.715_02098.801_t,SWEEPS_F3/A.2/newlctot/Vsf/lc_00000.000_00000.000_t,ceph,1.049964,18.91,99.0,269.988375,-29.288917,17:59:57.21,-29:17:20.1,0.404,1.0501,0.444,18.906,99.0,4857.744,5.982,0.02,18.905,10364.157,818,59.4544,79.3383,1.05018,2.10032,39.65543,0.1,-0.959,-0.824,0.144
N,lc_00068.905_02067.026_t,SWEEPS_F3/A.2/newlctot/Isf/lc_00068.905_02067.026_t,SWEEPS_F3/A.2/newlctot/Vsf/lc_00069.124_02066.406_t,ceph,2.016988,17.14,18.73,269.986,-29.1875,17:59:56.64,-29:11:15.0,0.306,1.97329,0.285,17.138,18.676,5155.511,6.373,0.02,17.141,45469.328,810,3.94498,1.973,5.91641,2.02882,4.03491,0.04,-2.332,5.287,0.151
N,lc_01824.849_00376.180_t,SWEEPS_F2/A.3/newlctot/Isf/lc_01824.849_00376.180_t,SWEEPS_F2/A.3/newlctot/Vsf/lc_01825.628_00375.785_t,ceph,3.704031,18.58,20.05,269.656417,-29.197056,17:58:37.54,-29:11:49.4,0.231,3.7027,0.394,18.574,20.047,5208.015,7.335,0.02,18.581,3839.586,711,14.83599,11.12511,7.41751,3.70888,1.36418,0.04,1.785,-1.768,0.128
N,lc_00787.639_00655.346_t,SWEEPS_F2/A.3/newlctot/Isf/lc_00787.639_00655.346_t,SWEEPS_F2/A.3/newlctot/Vsf/lc_00000.000_00000.000_t,ceph,5.381633,18.48,99.0,269.674833,-29.137722,17:58:41.96,-29:08:15.8,0.506,0.84327,0.351,18.482,99.0,5393.801,6.734,0.02,18.482,21597.935,807,1.68652,1.224,2.44824,4.89646,16.13184,0.075,2.86,-7.888,0.361
N,lc_00736.545_00475.688_t,SWEEPS_F1/A.3/newlctot/Isf/lc_00736.545_00475.688_t,SWEEPS_F1/A.3/newlctot/Vsf/lc_00000.000_00000.000_t,ceph,7.143465,18.58,99.0,269.537792,-29.163,17:58:09.07,-29:09:46.8,0.386,7.15274,0.472,18.583,99.0,5522.862,6.827,0.02,18.58,16015.656,815,14.33694,4.63433,7.16633,3.47599,2.31735,0.075,-3.106,8.281,0.111
N,lc_00701.944_01424.893_t,SWEEPS_F1/B.1/newlctot/Isf/lc_00701.944_01424.893_t,SWEEPS_F1/B.1/newlctot/Vsf/lc_00701.578_01425.028_t,ceph,5.91184,18.82,20.59,269.799917,-29.310639,17:59:11.98,-29:18:38.3,0.38,5.9861,0.317,18.818,20.616,5597.071,6.784,0.02,18.812,7470.127,823,23.64537,11.82354,5.91186,17.7312,1.70682,0.089,-1.047,4.826,0.182
N,lc_00704.248_01469.257_t,SWEEPS_F2/A.3/newlctot/Isf/lc_00704.248_01469.257_t,SWEEPS_F2/A.3/newlctot/Vsf/lc_00000.000_00000.000_t,ceph,2.160771,19.34,99.0,269.728083,-29.132889,17:58:54.74,-29:07:58.4,0.599,12.97065,0.429,19.339,99.0,5669.013,7.077,0.02,19.336,7641.434,807,2.16062,4.3213,1.08042,26.02656,1.85272,0.105,-0.093,-2.16,1.364
N,lc_00078.412_00229.534_t,SWEEPS_F3/A.3/newlctot/Isf/lc_00078.412_00229.534_t,SWEEPS_F3/A.3/newlctot/Vsf/lc_00077.833_00228.821_t,ceph,8.108791,17.9,19.53,269.668042,-29.187,17:58:40.33,-29:11:13.2,0.357,8.0967,0.484,17.871,19.457,5709.67,7.897,0.02,17.883,20734.237,724,16.19978,32.40623,8.09761,24.29201,3.55207,0.09,-1.704,3.389,0.069
N,lc_01120.749_01336.544_t,SWEEPS_F1/A.2/newlctot/Isf/lc_01120.749_01336.544_t,SWEEPS_F1/A.2/newlctot/Vsf/lc_01120.204_01337.295_t,ceph,19.049032,18.52,20.53,269.785875,-29.185861,17:59:08.61,-29:11:09.1,0.279,19.04715,0.56,18.523,20.476,6287.649,10.257,0.02,18.516,3354.808,611,57.23909,38.08367,19.06141,1.05257,3.1567,0.056,-2.125,7.034,0.115
N,lc_00939.174_00213.396_t,SWEEPS_F1/A.3/newlctot/Isf/lc_00939.174_00213.396_t,SWEEPS_F1/A.3/newlctot/Vsf/lc_00000.000_00000.000_t,ceph,1.259296,18.85,99.0,269.520667,-29.174528,17:58:04.96,-29:10:28.3,0.387,4.84724,0.441,18.839,99.0,6319.364,7.811,0.02,18.843,6397.225,815,19.40564,9.70271,4.85037,2.51822,1.25913,0.044,-0.946,4.892,0.332
N,lc_01229.396_00522.119_t,SWEEPS_F2/A.2/newlctot/Isf/lc_01229.396_00522.119_t,SWEEPS_F2/A.2/newlctot/Vsf/lc_01229.608_00521.835_t,ceph,1.029253,19.2,20.82,269.858917,-29.163944,17:59:26.14,-29:09:50.2,0.273,1.03426,0.595,19.126,20.744,6808.277,8.853,0.02,19.204,1721.939,770,2.05904,63.86823,1.02947,4.11793,95.7389,0.032,-1.499,4.383,0.164
N,lc_01921.125_02212.734_t,SWEEPS_F1/A.3/newlctot/Isf/lc_01921.125_02212.734_t,SWEEPS_F1/A.3/newlctot/Vsf/lc_01922.538_02212.486_t,ceph,1.090017,17.39,19.25,269.651125,-29.230472,17:58:36.27,-29:13:49.7,0.345,11.74743,0.332,17.397,19.266,6936.292,8.585,0.02,17.387,48439.775,806,23.4759,11.73221,46.87625,1.09007,2.17998,0.05,-0.709,3.931,0.235
N,lc_00650.019_00557.440_t,SWEEPS_F1/A.3/newlctot/Isf/lc_00650.019_00557.440_t,SWEEPS_F1/A.3/newlctot/Vsf/lc_00000.000_00000.000_t,ceph,2.614613,18.76,99.0,269.543125,-29.158083,17:58:10.35,-29:09:29.1,0.314,2.61484,0.473,18.753,99.0,7134.904,8.819,0.02,18.755,7983.053,815,5.22713,10.45252,7.84004,2.61321,4.83889,0.065,-1.907,1.152,0.072
N,lc_01162.399_00982.360_t,SWEEPS_F2/B.1/newlctot/Isf/lc_01162.399_00982.360_t,SWEEPS_F2/B.1/newlctot/Vsf/lc_00000.000_00000.000_t,ceph,12.372128,19.64,99.0,269.893458,-29.308917,17:59:34.43,-29:18:32.1,0.285,12.34932,0.689,19.645,99.0,7750.686,9.487,0.02,19.64,984.469,823,24.72922,12.36103,49.46905,37.13158,3.69187,0.038,-3.071,3.88,0.368
N,lc_00915.333_01024.807_t,SWEEPS_F2/B.1/newlctot/Isf/lc_00915.333_01024.807_t,SWEEPS_F2/B.1/newlctot/Vsf/lc_00915.522_01024.608_t,ceph,3.324394,18.96,20.85,269.89625,-29.294778,17:59:35.10,-29:17:41.2,0.203,3.32668,0.509,18.987,20.859,8597.732,10.46,0.02,18.963,1921.891,823,3.325,6.64857,9.97497,13.29627,1.42437,0.046,-0.564,1.43,0.295
N,lc_00374.829_01341.703_t,SWEEPS_F3/B.4/newlctot/Isf/lc_00374.829_01341.703_t,SWEEPS_F3/B.4/newlctot/Vsf/lc_00373.948_01342.657_t,ceph,3.101051,17.82,19.96,269.743125,-29.3535,17:58:58.35,-29:21:12.6,0.293,3.10606,0.529,17.808,19.824,9321.816,13.336,0.02,17.816,9842.705,700,3.10315,6.2064,12.41574,9.31081,1.50957,0.062,-2.031,5.471,0.562
N,lc_01513.660_00849.765_t,SWEEPS_F1/A.3/newlctot/Isf/lc_01513.660_00849.765_t,SWEEPS_F1/A.3/newlctot/Vsf/lc_00000.000_00000.000_t,ceph,1.749429,19.57,99.0,269.562125,-29.207278,17:58:14.91,-29:12:26.2,0.552,1.75703,0.698,19.495,99.0,9415.807,12.165,0.02,19.546,3987.723,780,1.74842,3.49777,6.96243,5.2467,2.54065,0.061,-1.02,2.989,0.085
N,lc_01267.073_01525.308_t,SWEEPS_F1/A.3/newlctot/Isf/lc_01267.073_01525.308_t,SWEEPS_F1/A.3/newlctot/Vsf/lc_00000.000_00000.000_t,ceph,1.003436,19.54,99.0,269.60625,-29.193222,17:58:25.50,-29:11:35.6,1.202,1.00365,1.143,19.45,99.0,20117.522,29.241,0.02,19.447,41482.088,694,1.00357,3.0106,2.0071,4.01428,2.9812,0.223,-1.062,2.172,0.252
N,lc_00917.585_01374.469_t,SWEEPS_F1/A.2/newlctot/Isf/lc_00917.585_01374.469_t,SWEEPS_F1/A.2/newlctot/Vsf/lc_00000.000_00000.000_t,ceph,19.67358,18.59,99.0,269.788375,-29.174222,17:59:09.21,-29:10:27.2,0.483,19.49431,1.059,18.635,99.0,22280.807,36.17,0.02,18.575,8049.018,622,19.51569,39.04073,78.10764,58.59615,1.89773,0.107,-0.623,3.585,0.205
N,lc_01713.445_01052.609_t,SWEEPS_F3/B.4/newlctot/Isf/lc_01713.445_01052.609_t,SWEEPS_F3/B.4/newlctot/Vsf/lc_01713.130_01053.760_t,ceph,11.135471,19.34,21.14,269.724167,-29.429778,17:58:53.80,-29:25:47.2,0.543,1.09465,0.963,19.316,21.436,22821.841,28.14,0.02,19.353,4228.221,813,33.441,22.29915,44.60697,11.15215,1.09541,0.083,-1.865,4.136,0.159
N,lc_00532.317_01142.694_t,SWEEPS_F1/B.1/newlctot/Isf/lc_00532.317_01142.694_t,SWEEPS_F1/B.1/newlctot/Vsf/lc_00000.000_00000.000_t,ceph,3.41512,19.17,99.0,269.781458,-29.301,17:59:07.55,-29:18:03.6,0.916,3.41554,1.405,19.24,99.0,35388.328,43.961,0.02,19.175,6249.251,811,3.41529,6.83053,10.24533,13.66049,2.81757,0.134,-1.799,2.472,0.337
N,lc_01660.291_02092.687_t,SWEEPS_F3/B.4/newlctot/Isf/lc_01660.291_02092.687_t,SWEEPS_F3/B.4/newlctot/Vsf/lc_00000.000_00000.000_t,ceph,5.195257,19.25,99.0,269.79225,-29.426806,17:59:10.14,-29:25:36.5,0.248,5.19883,1.147,19.235,99.0,40223.219,49.843,0.02,19.246,2010.513,813,10.39604,5.19858,15.59775,3.70221,1.23407,0.061,-1.587,1.245,0.173
N,lc_01672.626_01807.817_t,SWEEPS_F1/A.3/newlctot/Isf/lc_01672.626_01807.817_t,SWEEPS_F1/A.3/newlctot/Vsf/lc_01674.585_01807.542_t,ceph,1.003436,18.52,20.16,269.624667,-29.216333,17:58:29.92,-29:12:58.8,1.348,1.0,1.545,18.903,20.167,46560.166,67.872,0.02,18.432,159151.46,684,2.00614,1.00294,4.01232,3.00913,1.98319,0.262,-2.276,7.031,0.278
N,lc_00079.205_00661.704_t,SWEEPS_F1/A.3/newlctot/Isf/lc_00079.205_00661.704_t,SWEEPS_F1/A.3/newlctot/Vsf/lc_00000.000_00000.000_t,ceph,3.055632,18.99,99.0,269.55,-29.125556,17:58:12.00,-29:07:32.0,0.526,6.11628,1.455,18.962,99.0,75216.85,92.975,0.02,18.991,9921.776,815,3.05634,6.11051,2.25586,12.2222,9.1662,0.078,1.289,-5.133,0.384
N,lc_01985.121_01973.870_t,SWEEPS_F1/B.4/newlctot/Isf/lc_01985.121_01973.870_t,SWEEPS_F1/B.4/newlctot/Vsf/lc_00000.000_00000.000_t,ceph,7.362588,18.3,99.0,269.637625,-29.383444,17:58:33.03,-29:23:00.4,0.629,7.36498,1.352,18.314,99.0,86023.682,107.664,0.02,18.301,20182.217,805,7.35179,14.7037,22.07844,29.43022,1.15389,0.083,2.55,-7.564,0.341
